YPnoAhxz172flDlGSem_Uw,https://www.yelp.com/user_details?userid=YPnoAhxz172flDlGSem_Uw
6gMaEJU2xjRCPjiKYsB2Nw,https://www.yelp.com/user_details?userid=6gMaEJU2xjRCPjiKYsB2Nw
wnien2aIWg7VhVPRhTGEXg,https://www.yelp.com/user_details?userid=wnien2aIWg7VhVPRhTGEXg
pVgl2V9Oa6f1y3O3-JTr0w,https://www.yelp.com/user_details?userid=pVgl2V9Oa6f1y3O3-JTr0w
MJDECA1SeNLtlju6ilvRgg,https://www.yelp.com/user_details?userid=MJDECA1SeNLtlju6ilvRgg
oAvQhDtgcIIFBpqMCxFD2A,https://www.yelp.com/user_details?userid=oAvQhDtgcIIFBpqMCxFD2A
uVOLLjTnrDWHQ7qIjlLMvA,https://www.yelp.com/user_details?userid=uVOLLjTnrDWHQ7qIjlLMvA
IZKX8BHHjS8YwHIVi9KJ2g,https://www.yelp.com/user_details?userid=IZKX8BHHjS8YwHIVi9KJ2g
5n-q5h4xYeJVSNk1TKMMeQ,https://www.yelp.com/user_details?userid=5n-q5h4xYeJVSNk1TKMMeQ
YQV_UmOMyUS32F-mw5UyHw,https://www.yelp.com/user_details?userid=YQV_UmOMyUS32F-mw5UyHw
QOg1dKpQklyjWzel1LeNgQ,https://www.yelp.com/user_details?userid=QOg1dKpQklyjWzel1LeNgQ
QUIvfGyUndx9_8ny5tJCxw,https://www.yelp.com/user_details?userid=QUIvfGyUndx9_8ny5tJCxw
unsiOEHNSZxVfkHVJ1GZKQ,https://www.yelp.com/user_details?userid=unsiOEHNSZxVfkHVJ1GZKQ
a2osd_dBVDYaO-kL_Whjng,https://www.yelp.com/user_details?userid=a2osd_dBVDYaO-kL_Whjng
h59iX3YOfP1laPF000BV0Q,https://www.yelp.com/user_details?userid=h59iX3YOfP1laPF000BV0Q
eVQYGj6n-189ayXkt7EMfQ,https://www.yelp.com/user_details?userid=eVQYGj6n-189ayXkt7EMfQ
Ji__eLetb78HypuGQNL0NA,https://www.yelp.com/user_details?userid=Ji__eLetb78HypuGQNL0NA
iQ35AmKxXoBgcGhGxaNqOQ,https://www.yelp.com/user_details?userid=iQ35AmKxXoBgcGhGxaNqOQ
skz1Ntn4QOATFFdo111cbw,https://www.yelp.com/user_details?userid=skz1Ntn4QOATFFdo111cbw
ALIjeNXFaXrr52ZU9_trCA,https://www.yelp.com/user_details?userid=ALIjeNXFaXrr52ZU9_trCA
pADBrHIYqAAJBfn8x0IecA,https://www.yelp.com/user_details?userid=pADBrHIYqAAJBfn8x0IecA
fAACF5yJ5YvXdGcTMNZKCw,https://www.yelp.com/user_details?userid=fAACF5yJ5YvXdGcTMNZKCw
AEowRtLGb_AdqFAZ8e6C9A,https://www.yelp.com/user_details?userid=AEowRtLGb_AdqFAZ8e6C9A
_ONQs04No0V-PaP8mT92Yw,https://www.yelp.com/user_details?userid=_ONQs04No0V-PaP8mT92Yw
nYsTZJsBgnyf2EbQxKH2lg,https://www.yelp.com/user_details?userid=nYsTZJsBgnyf2EbQxKH2lg
9y7CBWnvqT1iuY0tBzOuew,https://www.yelp.com/user_details?userid=9y7CBWnvqT1iuY0tBzOuew
_sWha3z3xUK_BXqjl9DPaA,https://www.yelp.com/user_details?userid=_sWha3z3xUK_BXqjl9DPaA
l3S1srqK1CvjB_S4r-ZBeg,https://www.yelp.com/user_details?userid=l3S1srqK1CvjB_S4r-ZBeg
7PHHxsjyk7I7oM6ENxwZZQ,https://www.yelp.com/user_details?userid=7PHHxsjyk7I7oM6ENxwZZQ
xp9UEkFyz7h7Ii1XVzU4tA,https://www.yelp.com/user_details?userid=xp9UEkFyz7h7Ii1XVzU4tA
owwQd_sfLfISzAydX4qGNQ,https://www.yelp.com/user_details?userid=owwQd_sfLfISzAydX4qGNQ
GAuqrdPLFUc6pXssyMExrw,https://www.yelp.com/user_details?userid=GAuqrdPLFUc6pXssyMExrw
yIyNG6Y_uNvX4TUQdvYU8w,https://www.yelp.com/user_details?userid=yIyNG6Y_uNvX4TUQdvYU8w
zeeeJ2q0NBxTnb5U_pZJiA,https://www.yelp.com/user_details?userid=zeeeJ2q0NBxTnb5U_pZJiA
_sCXKzDT9rkVuZbbiPpWnA,https://www.yelp.com/user_details?userid=_sCXKzDT9rkVuZbbiPpWnA
ad0N3aqRuZhCW_gh3fZRdA,https://www.yelp.com/user_details?userid=ad0N3aqRuZhCW_gh3fZRdA
MWTJ5TeWPRqEQenYjXmLEg,https://www.yelp.com/user_details?userid=MWTJ5TeWPRqEQenYjXmLEg
3wFA8MfvpvTlxANnnJCz-w,https://www.yelp.com/user_details?userid=3wFA8MfvpvTlxANnnJCz-w
Z6krEM46zpbovuqv7og79g,https://www.yelp.com/user_details?userid=Z6krEM46zpbovuqv7og79g
YQLFxJM9FUrHJ2JIUNDh_A,https://www.yelp.com/user_details?userid=YQLFxJM9FUrHJ2JIUNDh_A
cKaMoOMvj478gVlqceNH6Q,https://www.yelp.com/user_details?userid=cKaMoOMvj478gVlqceNH6Q
vSY_r0AqcU92CAR4j12v1w,https://www.yelp.com/user_details?userid=vSY_r0AqcU92CAR4j12v1w
CUrg8LaVzb-qxeNQTWFjFw,https://www.yelp.com/user_details?userid=CUrg8LaVzb-qxeNQTWFjFw
kKyIws8D5Ct8Vo4hC6GEfg,https://www.yelp.com/user_details?userid=kKyIws8D5Ct8Vo4hC6GEfg
KPVE5n9ycBIwd-hLj5Y6yQ,https://www.yelp.com/user_details?userid=KPVE5n9ycBIwd-hLj5Y6yQ
P1FObQIDR0ErchMIKc05Xg,https://www.yelp.com/user_details?userid=P1FObQIDR0ErchMIKc05Xg
3Lx7YZ5xhchCoSPjrEGSgA,https://www.yelp.com/user_details?userid=3Lx7YZ5xhchCoSPjrEGSgA
vS4XdfR48NQ8A91O72YdBw,https://www.yelp.com/user_details?userid=vS4XdfR48NQ8A91O72YdBw
zb9GH11J7PQDFst7yajSog,https://www.yelp.com/user_details?userid=zb9GH11J7PQDFst7yajSog
J3YB9xXU-AS0FwB5jkezlg,https://www.yelp.com/user_details?userid=J3YB9xXU-AS0FwB5jkezlg
0acIvncuUnvO5qBSeD_1vg,https://www.yelp.com/user_details?userid=0acIvncuUnvO5qBSeD_1vg
gaiC0wYKXqvELQH_9tUP5A,https://www.yelp.com/user_details?userid=gaiC0wYKXqvELQH_9tUP5A
ZYDxoW7YziG90wD01a1EDQ,https://www.yelp.com/user_details?userid=ZYDxoW7YziG90wD01a1EDQ
QYehMF2-7k7NbxovBaLf2w,https://www.yelp.com/user_details?userid=QYehMF2-7k7NbxovBaLf2w
8c1J96mQUTHM0T3-TgrTUg,https://www.yelp.com/user_details?userid=8c1J96mQUTHM0T3-TgrTUg
qC50T_ldJ96wPBNDD6vtEA,https://www.yelp.com/user_details?userid=qC50T_ldJ96wPBNDD6vtEA
Bp0wwAcjV35mUqcFB2WDZg,https://www.yelp.com/user_details?userid=Bp0wwAcjV35mUqcFB2WDZg
bthTeW4md5vSfrGSacGgiA,https://www.yelp.com/user_details?userid=bthTeW4md5vSfrGSacGgiA
_jqTa-3-fqmBxnkANJHtFw,https://www.yelp.com/user_details?userid=_jqTa-3-fqmBxnkANJHtFw
0Y5CKsUq4vo_LQCLAOMcLQ,https://www.yelp.com/user_details?userid=0Y5CKsUq4vo_LQCLAOMcLQ
ws6UJDDSo1cB8fc6f4A9BQ,https://www.yelp.com/user_details?userid=ws6UJDDSo1cB8fc6f4A9BQ
LvL7XDgnMYkv9WTo7XMbUw,https://www.yelp.com/user_details?userid=LvL7XDgnMYkv9WTo7XMbUw
ReP5KnISJ1KgZFg1FgMP7Q,https://www.yelp.com/user_details?userid=ReP5KnISJ1KgZFg1FgMP7Q
7psQ_u1b-5gGppQ6m56RPw,https://www.yelp.com/user_details?userid=7psQ_u1b-5gGppQ6m56RPw
nU8ba8CIqcE4Yix9igXsUQ,https://www.yelp.com/user_details?userid=nU8ba8CIqcE4Yix9igXsUQ
_tD6frb0aSop8wmnvvUqwg,https://www.yelp.com/user_details?userid=_tD6frb0aSop8wmnvvUqwg
jKYl07iog8rBEMoWhlbAMw,https://www.yelp.com/user_details?userid=jKYl07iog8rBEMoWhlbAMw
VAuUFmuJbVn5ePvTy7ySxg,https://www.yelp.com/user_details?userid=VAuUFmuJbVn5ePvTy7ySxg
W6nMsnSkXCuUsfq4ve_syg,https://www.yelp.com/user_details?userid=W6nMsnSkXCuUsfq4ve_syg
f7anTSho2VC6JuabmzGtmA,https://www.yelp.com/user_details?userid=f7anTSho2VC6JuabmzGtmA
hyXQFrwugkNqIU1E9d2NuQ,https://www.yelp.com/user_details?userid=hyXQFrwugkNqIU1E9d2NuQ
k_1ZIx7L8qCaJbLC6Gpq3w,https://www.yelp.com/user_details?userid=k_1ZIx7L8qCaJbLC6Gpq3w
shDDyAJPkvKl-44S3VcEew,https://www.yelp.com/user_details?userid=shDDyAJPkvKl-44S3VcEew
4IsfIY1Df9dxEeDu7lHd5g,https://www.yelp.com/user_details?userid=4IsfIY1Df9dxEeDu7lHd5g
A_TWphvaJC5CKNdx_h95-Q,https://www.yelp.com/user_details?userid=A_TWphvaJC5CKNdx_h95-Q
gyV7kDNuC5g6TWVr_qgI5w,https://www.yelp.com/user_details?userid=gyV7kDNuC5g6TWVr_qgI5w
4HfXBIUintRfGh9dunwWow,https://www.yelp.com/user_details?userid=4HfXBIUintRfGh9dunwWow
TgCLIZJnI4k0KFgt6hGQeg,https://www.yelp.com/user_details?userid=TgCLIZJnI4k0KFgt6hGQeg
8OqFIF1k-seF46IDFPM8GA,https://www.yelp.com/user_details?userid=8OqFIF1k-seF46IDFPM8GA
qqVtUZtCIlZtPNfq5JpySA,https://www.yelp.com/user_details?userid=qqVtUZtCIlZtPNfq5JpySA
ACnHk6gFFSBO3w-8hzeELg,https://www.yelp.com/user_details?userid=ACnHk6gFFSBO3w-8hzeELg
kz0gEQCps7CKg0Lur5pi4A,https://www.yelp.com/user_details?userid=kz0gEQCps7CKg0Lur5pi4A
r5WO8TRsKL5N3A09JSsgRg,https://www.yelp.com/user_details?userid=r5WO8TRsKL5N3A09JSsgRg
PtKK6dxxgmI-Di3YSifgUw,https://www.yelp.com/user_details?userid=PtKK6dxxgmI-Di3YSifgUw
hHneS0enOGq-NByJFbGShw,https://www.yelp.com/user_details?userid=hHneS0enOGq-NByJFbGShw
X1Cy1xsDawDiH0o9dmDIXA,https://www.yelp.com/user_details?userid=X1Cy1xsDawDiH0o9dmDIXA
dOtx0WaYK95xdCMalSWwCw,https://www.yelp.com/user_details?userid=dOtx0WaYK95xdCMalSWwCw
HKeKTFVlMatoiUeeq4Iyrw,https://www.yelp.com/user_details?userid=HKeKTFVlMatoiUeeq4Iyrw
MxVafLDmET2HUadiOD3Hdw,https://www.yelp.com/user_details?userid=MxVafLDmET2HUadiOD3Hdw
RvwIAsqfuf0e4R4SIAjrJw,https://www.yelp.com/user_details?userid=RvwIAsqfuf0e4R4SIAjrJw
SqEyyoR5Q7OjLaIYJ1-l_w,https://www.yelp.com/user_details?userid=SqEyyoR5Q7OjLaIYJ1-l_w
lcQRKGDkc_uRTK_Yqx5z-A,https://www.yelp.com/user_details?userid=lcQRKGDkc_uRTK_Yqx5z-A
Ij4EZY_ZJpZV4Hexri4P8Q,https://www.yelp.com/user_details?userid=Ij4EZY_ZJpZV4Hexri4P8Q
_8pNcw1Oa9t_X0PU-i-Lmg,https://www.yelp.com/user_details?userid=_8pNcw1Oa9t_X0PU-i-Lmg
iCqPYWznspxWm_BdxwHu8Q,https://www.yelp.com/user_details?userid=iCqPYWznspxWm_BdxwHu8Q
tDYysNkQGmEm1iJONRfruw,https://www.yelp.com/user_details?userid=tDYysNkQGmEm1iJONRfruw
T0HWgeviH7722ZJpWFrB4Q,https://www.yelp.com/user_details?userid=T0HWgeviH7722ZJpWFrB4Q
QiNGT4rF441oBk_10A5lTw,https://www.yelp.com/user_details?userid=QiNGT4rF441oBk_10A5lTw
AeTIgfg6SE0Qkbxc7Xp-sQ,https://www.yelp.com/user_details?userid=AeTIgfg6SE0Qkbxc7Xp-sQ
2fPCUHxe7VEinjOEQ5qHnA,https://www.yelp.com/user_details?userid=2fPCUHxe7VEinjOEQ5qHnA
-TWmOCrqnTwfO5k04S3QrA,https://www.yelp.com/user_details?userid=-TWmOCrqnTwfO5k04S3QrA
7QzHv_fYMOpMmPGfEkVBDw,https://www.yelp.com/user_details?userid=7QzHv_fYMOpMmPGfEkVBDw
CZuW1bbkJxCwTnmnqk02lA,https://www.yelp.com/user_details?userid=CZuW1bbkJxCwTnmnqk02lA
hlYHgpN8uMHb4uZzD_Rh5Q,https://www.yelp.com/user_details?userid=hlYHgpN8uMHb4uZzD_Rh5Q
2TO4pUS6q2UjjXbAoTgcJQ,https://www.yelp.com/user_details?userid=2TO4pUS6q2UjjXbAoTgcJQ
RFyXhNkZdffScylF504dtg,https://www.yelp.com/user_details?userid=RFyXhNkZdffScylF504dtg
jQrJ4PshFYv-QG7rjycFhA,https://www.yelp.com/user_details?userid=jQrJ4PshFYv-QG7rjycFhA
EvW__A28yKYT1dC7Q3uCGQ,https://www.yelp.com/user_details?userid=EvW__A28yKYT1dC7Q3uCGQ
2vFrtkBF6uy10ksMQT-o5g,https://www.yelp.com/user_details?userid=2vFrtkBF6uy10ksMQT-o5g
2XgvN35TRQdFsYV0njVM6A,https://www.yelp.com/user_details?userid=2XgvN35TRQdFsYV0njVM6A
I18arxgc8tnhxCXVIu4l7A,https://www.yelp.com/user_details?userid=I18arxgc8tnhxCXVIu4l7A
58L4aDYuyKd67ooGEzch8g,https://www.yelp.com/user_details?userid=58L4aDYuyKd67ooGEzch8g
CrTY-pr1BeFaxys2M7Y-tg,https://www.yelp.com/user_details?userid=CrTY-pr1BeFaxys2M7Y-tg
8dV2lsFUM039zCYYdoZXUw,https://www.yelp.com/user_details?userid=8dV2lsFUM039zCYYdoZXUw
XnlQAgKJUAQZMCxGIX9P5Q,https://www.yelp.com/user_details?userid=XnlQAgKJUAQZMCxGIX9P5Q
pjQopHxykzK_J9io9BBBMg,https://www.yelp.com/user_details?userid=pjQopHxykzK_J9io9BBBMg
TxFH7dQqXEKsPILhdqr0Vg,https://www.yelp.com/user_details?userid=TxFH7dQqXEKsPILhdqr0Vg
8ahrzebmEdp8NASJom9Izw,https://www.yelp.com/user_details?userid=8ahrzebmEdp8NASJom9Izw
YqKuzEbQ7o1hwSn762xiOA,https://www.yelp.com/user_details?userid=YqKuzEbQ7o1hwSn762xiOA
c0wHV6AZ-xdaFBMtgQcZhw,https://www.yelp.com/user_details?userid=c0wHV6AZ-xdaFBMtgQcZhw
JGQcsZpIXS8Gdg74BM2HDg,https://www.yelp.com/user_details?userid=JGQcsZpIXS8Gdg74BM2HDg
oU2AHazFini68OjCmQTTrg,https://www.yelp.com/user_details?userid=oU2AHazFini68OjCmQTTrg
-wHjtTfbNuZMBLg_Gv2Wiw,https://www.yelp.com/user_details?userid=-wHjtTfbNuZMBLg_Gv2Wiw
gSmH1yVMPZFM0mrmD4uq4Q,https://www.yelp.com/user_details?userid=gSmH1yVMPZFM0mrmD4uq4Q
hHgNg6u9P_Ym5wLXmnoBcw,https://www.yelp.com/user_details?userid=hHgNg6u9P_Ym5wLXmnoBcw
NlPbYSVjjzHTDRXXPVpgmA,https://www.yelp.com/user_details?userid=NlPbYSVjjzHTDRXXPVpgmA
evh2C_XfUAgGWeC2Qc-Qyw,https://www.yelp.com/user_details?userid=evh2C_XfUAgGWeC2Qc-Qyw
916EU44jagN3ewn_keUvZw,https://www.yelp.com/user_details?userid=916EU44jagN3ewn_keUvZw
rdiIw6PV4AVm-zSfUEFI7A,https://www.yelp.com/user_details?userid=rdiIw6PV4AVm-zSfUEFI7A
fMidCdXq9XS9Lsd5IWWQXw,https://www.yelp.com/user_details?userid=fMidCdXq9XS9Lsd5IWWQXw
30W0_VQXIuiObvHQbgnKQQ,https://www.yelp.com/user_details?userid=30W0_VQXIuiObvHQbgnKQQ
m4JI_YQUkQ4DM2uAlkEZAQ,https://www.yelp.com/user_details?userid=m4JI_YQUkQ4DM2uAlkEZAQ
bsc13D63et_4-A1fcf9_mg,https://www.yelp.com/user_details?userid=bsc13D63et_4-A1fcf9_mg
Inu0klFcxi1N7F1AwUrzDA,https://www.yelp.com/user_details?userid=Inu0klFcxi1N7F1AwUrzDA
yysjeO3AcBKdLSt0stOl4w,https://www.yelp.com/user_details?userid=yysjeO3AcBKdLSt0stOl4w
OOi0oumSdpvmS2AigU_ebg,https://www.yelp.com/user_details?userid=OOi0oumSdpvmS2AigU_ebg
smantZRbVX66eYVejZxpvQ,https://www.yelp.com/user_details?userid=smantZRbVX66eYVejZxpvQ
ew4eihP7EKp4iYJ3JGJlUA,https://www.yelp.com/user_details?userid=ew4eihP7EKp4iYJ3JGJlUA
piuHJxwxW-NbasokqBw_mQ,https://www.yelp.com/user_details?userid=piuHJxwxW-NbasokqBw_mQ
HM2g30SNsIE0nz65tPSIpQ,https://www.yelp.com/user_details?userid=HM2g30SNsIE0nz65tPSIpQ
BegGwEPte4pTY_RP5Vcqrg,https://www.yelp.com/user_details?userid=BegGwEPte4pTY_RP5Vcqrg
QglUWy4w3EebmzU6XLBCwg,https://www.yelp.com/user_details?userid=QglUWy4w3EebmzU6XLBCwg
80BQkHdjAvpMaE9TqYOelA,https://www.yelp.com/user_details?userid=80BQkHdjAvpMaE9TqYOelA
