,id,profile_url
0,oxo1EWFAR8nQJoSFvZG6xA,https://www.yelp.com/user_details?userid=oxo1EWFAR8nQJoSFvZG6xA
1,DP4BchE8S9BMxsh3lcBTrQ,https://www.yelp.com/user_details?userid=DP4BchE8S9BMxsh3lcBTrQ
2,53081ApXllnHtkNipUCnDg,https://www.yelp.com/user_details?userid=53081ApXllnHtkNipUCnDg
3,_3KTfz0hcPl_yq4jOyOPiA,https://www.yelp.com/user_details?userid=_3KTfz0hcPl_yq4jOyOPiA
4,QtnPqgZsLPrlt3hzvWowzg,https://www.yelp.com/user_details?userid=QtnPqgZsLPrlt3hzvWowzg
5,rqlngRO2Hj0sX9WpEQ_vbg,https://www.yelp.com/user_details?userid=rqlngRO2Hj0sX9WpEQ_vbg
6,7Zk12TsWz5CJgRERnICPRw,https://www.yelp.com/user_details?userid=7Zk12TsWz5CJgRERnICPRw
7,RNbgsPuTi6UKh2D-W9xIig,https://www.yelp.com/user_details?userid=RNbgsPuTi6UKh2D-W9xIig
8,q2KEuDWUM8_ErdhZakos8A,https://www.yelp.com/user_details?userid=q2KEuDWUM8_ErdhZakos8A
9,KYoKrveCUg4CC9YcSvkApQ,https://www.yelp.com/user_details?userid=KYoKrveCUg4CC9YcSvkApQ
10,6GmsDhXJCS2aPirVjWvd4Q,https://www.yelp.com/user_details?userid=6GmsDhXJCS2aPirVjWvd4Q
11,_sCXKzDT9rkVuZbbiPpWnA,https://www.yelp.com/user_details?userid=_sCXKzDT9rkVuZbbiPpWnA
12,rOcNCtnpnzUJgDAHz7SgQw,https://www.yelp.com/user_details?userid=rOcNCtnpnzUJgDAHz7SgQw
13,xyraFkKOEZHVD-dGW0vTkg,https://www.yelp.com/user_details?userid=xyraFkKOEZHVD-dGW0vTkg
14,uHtu4wW3WdygQtNMOmlILQ,https://www.yelp.com/user_details?userid=uHtu4wW3WdygQtNMOmlILQ
15,3HgHp-SWWhauBxhK7K_skw,https://www.yelp.com/user_details?userid=3HgHp-SWWhauBxhK7K_skw
16,NoeqR8IpNd57adERniEhyQ,https://www.yelp.com/user_details?userid=NoeqR8IpNd57adERniEhyQ
17,-KlnVOvjklQn5OpTbxFGzA,https://www.yelp.com/user_details?userid=-KlnVOvjklQn5OpTbxFGzA
18,Qy_RUnvN9ihzNDVAN_O1WA,https://www.yelp.com/user_details?userid=Qy_RUnvN9ihzNDVAN_O1WA
19,vEqjds5IBlPPnyTrW_fWEg,https://www.yelp.com/user_details?userid=vEqjds5IBlPPnyTrW_fWEg
20,iJjKL0KxMZJCb8MmAsERvA,https://www.yelp.com/user_details?userid=iJjKL0KxMZJCb8MmAsERvA
21,pgR53zGcz0ify6XFTobsag,https://www.yelp.com/user_details?userid=pgR53zGcz0ify6XFTobsag
22,Np9_vlzIcSOeOdHpnZA42Q,https://www.yelp.com/user_details?userid=Np9_vlzIcSOeOdHpnZA42Q
23,2wdhN8Y2EJRswvkduFxnOQ,https://www.yelp.com/user_details?userid=2wdhN8Y2EJRswvkduFxnOQ
24,hTj02lFMGQveiLBMK-yjfg,https://www.yelp.com/user_details?userid=hTj02lFMGQveiLBMK-yjfg
25,ZpQprwVlYpRQDkq3khmvUg,https://www.yelp.com/user_details?userid=ZpQprwVlYpRQDkq3khmvUg
26,sPCpfayNYt1NIFVc7wknlA,https://www.yelp.com/user_details?userid=sPCpfayNYt1NIFVc7wknlA
27,MGZ9PQ_U_N9K0qptHeXgmQ,https://www.yelp.com/user_details?userid=MGZ9PQ_U_N9K0qptHeXgmQ
28,Hxp9KgF2TPOln6bSAf2aBA,https://www.yelp.com/user_details?userid=Hxp9KgF2TPOln6bSAf2aBA
29,ZSGwtoxE-BXCAzUoENiX1w,https://www.yelp.com/user_details?userid=ZSGwtoxE-BXCAzUoENiX1w
30,Y5b286tescycns--SAZ-yg,https://www.yelp.com/user_details?userid=Y5b286tescycns--SAZ-yg
31,havBggvuzfE6IPfkT-njbg,https://www.yelp.com/user_details?userid=havBggvuzfE6IPfkT-njbg
32,BFBn44X2gnL1f8qSRT0H-Q,https://www.yelp.com/user_details?userid=BFBn44X2gnL1f8qSRT0H-Q
33,f9cENl1V9ZwsQykBDBKS7A,https://www.yelp.com/user_details?userid=f9cENl1V9ZwsQykBDBKS7A
34,dBpomZ2bBvqxBm979aPSnA,https://www.yelp.com/user_details?userid=dBpomZ2bBvqxBm979aPSnA
35,fJPA8p5TXvbaVNYSbOgtng,https://www.yelp.com/user_details?userid=fJPA8p5TXvbaVNYSbOgtng
36,pjQopHxykzK_J9io9BBBMg,https://www.yelp.com/user_details?userid=pjQopHxykzK_J9io9BBBMg
37,JWkQkm37X-DAboQX6zjT8Q,https://www.yelp.com/user_details?userid=JWkQkm37X-DAboQX6zjT8Q
38,ooBZ3DLmm9vtImf_EbQgJA,https://www.yelp.com/user_details?userid=ooBZ3DLmm9vtImf_EbQgJA
39,EDQ34lW45zIUGx6YJoceOA,https://www.yelp.com/user_details?userid=EDQ34lW45zIUGx6YJoceOA
40,N--9b8aZseeH1Q_HRIF5mw,https://www.yelp.com/user_details?userid=N--9b8aZseeH1Q_HRIF5mw
41,zxn9ZlFJKTTddjF6Du7rRA,https://www.yelp.com/user_details?userid=zxn9ZlFJKTTddjF6Du7rRA
42,F2fLxhOhJefL2RPdzsz3SQ,https://www.yelp.com/user_details?userid=F2fLxhOhJefL2RPdzsz3SQ
43,8lJZYlZzEMm62CNDnWH7SA,https://www.yelp.com/user_details?userid=8lJZYlZzEMm62CNDnWH7SA
44,bfQwtL9aqcBr-2l07DKx3w,https://www.yelp.com/user_details?userid=bfQwtL9aqcBr-2l07DKx3w
45,_efP61KpqeC9K4TX0aqwyw,https://www.yelp.com/user_details?userid=_efP61KpqeC9K4TX0aqwyw
46,PMEuAH3_H7qYNzCf9Nfpqg,https://www.yelp.com/user_details?userid=PMEuAH3_H7qYNzCf9Nfpqg
47,EiXWvidlWeUA65WVdeWjkg,https://www.yelp.com/user_details?userid=EiXWvidlWeUA65WVdeWjkg
48,otIo6x5f2P68fhFoz_6GgQ,https://www.yelp.com/user_details?userid=otIo6x5f2P68fhFoz_6GgQ
49,lprDtZFUDrGCIvLqfK8wAg,https://www.yelp.com/user_details?userid=lprDtZFUDrGCIvLqfK8wAg
50,DkMklS87-xfxyyWyC-jwVg,https://www.yelp.com/user_details?userid=DkMklS87-xfxyyWyC-jwVg
51,8tAIFe8WKqJVGNVKjtzcRg,https://www.yelp.com/user_details?userid=8tAIFe8WKqJVGNVKjtzcRg
52,SqPqSd7ql_UD5cYxRg_prA,https://www.yelp.com/user_details?userid=SqPqSd7ql_UD5cYxRg_prA
53,9QcFe5myok5jYUwTpEeuxg,https://www.yelp.com/user_details?userid=9QcFe5myok5jYUwTpEeuxg
54,se6WFxbHBQThIa0qoof-9w,https://www.yelp.com/user_details?userid=se6WFxbHBQThIa0qoof-9w
55,zriuvFjGFSjvER9OgFJCew,https://www.yelp.com/user_details?userid=zriuvFjGFSjvER9OgFJCew
56,SPYJt-1XF4SlPaZgd04QRQ,https://www.yelp.com/user_details?userid=SPYJt-1XF4SlPaZgd04QRQ
57,DVHeHJWyDetbsfVKre886A,https://www.yelp.com/user_details?userid=DVHeHJWyDetbsfVKre886A
58,IjD-aHzIdFXWUGCaKCMZKw,https://www.yelp.com/user_details?userid=IjD-aHzIdFXWUGCaKCMZKw
59,aWejHqThyw_ODaEMB4TdWA,https://www.yelp.com/user_details?userid=aWejHqThyw_ODaEMB4TdWA
60,Ry_LUa1dtfuuEW_zQ1jm2Q,https://www.yelp.com/user_details?userid=Ry_LUa1dtfuuEW_zQ1jm2Q
61,HLavEqSuWt1FvUE8tSgwUw,https://www.yelp.com/user_details?userid=HLavEqSuWt1FvUE8tSgwUw
62,PUTDPPO7hEICLQDEGSRBhw,https://www.yelp.com/user_details?userid=PUTDPPO7hEICLQDEGSRBhw
63,AZnc8d0U87z8klVs9r_mMw,https://www.yelp.com/user_details?userid=AZnc8d0U87z8klVs9r_mMw
64,VpbfazUJdbTf7BtvTiq0nQ,https://www.yelp.com/user_details?userid=VpbfazUJdbTf7BtvTiq0nQ
65,sjaSWaMdwpbozpwUotcwZg,https://www.yelp.com/user_details?userid=sjaSWaMdwpbozpwUotcwZg
66,DjJxgJ5KrjL7825xEKEqWQ,https://www.yelp.com/user_details?userid=DjJxgJ5KrjL7825xEKEqWQ
67,HoikILIsY79TWCf62ecKQA,https://www.yelp.com/user_details?userid=HoikILIsY79TWCf62ecKQA
68,MRV6ZkVAGJvhwF7c9vTTKg,https://www.yelp.com/user_details?userid=MRV6ZkVAGJvhwF7c9vTTKg
69,xZmhLUQOVw9KJX5w6A9BvQ,https://www.yelp.com/user_details?userid=xZmhLUQOVw9KJX5w6A9BvQ
70,unsiOEHNSZxVfkHVJ1GZKQ,https://www.yelp.com/user_details?userid=unsiOEHNSZxVfkHVJ1GZKQ
71,a2osd_dBVDYaO-kL_Whjng,https://www.yelp.com/user_details?userid=a2osd_dBVDYaO-kL_Whjng
72,h59iX3YOfP1laPF000BV0Q,https://www.yelp.com/user_details?userid=h59iX3YOfP1laPF000BV0Q
73,MVb93PtUPbSsVFa-3prvcg,https://www.yelp.com/user_details?userid=MVb93PtUPbSsVFa-3prvcg
74,6xECfrQAq1MxtCl6NNj9UQ,https://www.yelp.com/user_details?userid=6xECfrQAq1MxtCl6NNj9UQ
75,pQTfm_oUSiHp8-l0ZaEb-w,https://www.yelp.com/user_details?userid=pQTfm_oUSiHp8-l0ZaEb-w
76,aU1N3Lr4ojXrKBIG1Kpp8g,https://www.yelp.com/user_details?userid=aU1N3Lr4ojXrKBIG1Kpp8g
77,el0Kn3aNVz0c0lz_hKRmQg,https://www.yelp.com/user_details?userid=el0Kn3aNVz0c0lz_hKRmQg
78,krIvby3nPkonG2ZC1MDEzQ,https://www.yelp.com/user_details?userid=krIvby3nPkonG2ZC1MDEzQ
79,MeDuKsZcnI3IU2g7OlV-hQ,https://www.yelp.com/user_details?userid=MeDuKsZcnI3IU2g7OlV-hQ
80,WoeLzkLB1WkLG24AVfOfJg,https://www.yelp.com/user_details?userid=WoeLzkLB1WkLG24AVfOfJg
81,KbU6Q0oy5X2mTShnRXiggg,https://www.yelp.com/user_details?userid=KbU6Q0oy5X2mTShnRXiggg
82,o5idGYF_nt2H3cADASi2YA,https://www.yelp.com/user_details?userid=o5idGYF_nt2H3cADASi2YA
83,loIgOJbwgu0b8nW8DcVG8w,https://www.yelp.com/user_details?userid=loIgOJbwgu0b8nW8DcVG8w
84,uyD3PwCbTm8nuP-z6a_EQg,https://www.yelp.com/user_details?userid=uyD3PwCbTm8nuP-z6a_EQg
85,3B88XMVFwWVA9hvumgU2Xg,https://www.yelp.com/user_details?userid=3B88XMVFwWVA9hvumgU2Xg
86,3DLg6FHxYaueFO-47can0w,https://www.yelp.com/user_details?userid=3DLg6FHxYaueFO-47can0w
87,M55v_rCB4Ii7ntwaq-lLRA,https://www.yelp.com/user_details?userid=M55v_rCB4Ii7ntwaq-lLRA
88,RfzyuSAjW-8gr7DWX-AUAQ,https://www.yelp.com/user_details?userid=RfzyuSAjW-8gr7DWX-AUAQ
89,9miULvPHAQHM_7j5RJ5dMg,https://www.yelp.com/user_details?userid=9miULvPHAQHM_7j5RJ5dMg
90,rMtatrglYX8sE2nGBFvCKg,https://www.yelp.com/user_details?userid=rMtatrglYX8sE2nGBFvCKg
91,hhDQhr2MNWJqL3MCQG_5JQ,https://www.yelp.com/user_details?userid=hhDQhr2MNWJqL3MCQG_5JQ
92,W1b4ghPiJbPM4DSB8yb0uA,https://www.yelp.com/user_details?userid=W1b4ghPiJbPM4DSB8yb0uA
93,ZWm9XygjvxHOBeL1JRhl4Q,https://www.yelp.com/user_details?userid=ZWm9XygjvxHOBeL1JRhl4Q
94,d4e0NC-XTUYyMj63eSTlQg,https://www.yelp.com/user_details?userid=d4e0NC-XTUYyMj63eSTlQg
95,ylWesf53Vr8r3QcIgmPl3g,https://www.yelp.com/user_details?userid=ylWesf53Vr8r3QcIgmPl3g
96,D5uMny1pAVWhNGDvFDPp8g,https://www.yelp.com/user_details?userid=D5uMny1pAVWhNGDvFDPp8g
97,iTTUTdjdXldKjErPeCWsYA,https://www.yelp.com/user_details?userid=iTTUTdjdXldKjErPeCWsYA
98,o8Lpbd9-X4Ep3z-gcVdNSw,https://www.yelp.com/user_details?userid=o8Lpbd9-X4Ep3z-gcVdNSw
99,rKl6NoqOJ1th-zLU6FIuIw,https://www.yelp.com/user_details?userid=rKl6NoqOJ1th-zLU6FIuIw
